{
    "BBC News": {
        "LR": {
            "acc_mean": 0.9657718120805369,
            "acc_std": 0.007165824330222357,
            "f1_mean": 0.9648021184613602,
            "f1_std": 0.00721538753353967,
            "acc_folds": [
                0.9664429530201343,
                0.9697986577181208,
                0.9563758389261745,
                0.959731543624161,
                0.9765100671140939
            ],
            "train_time": 0.2896446600323543,
            "infer_ms": 0.0044065101022188295
        },
        "Naive Bayes": {
            "acc_mean": 0.9597315436241611,
            "acc_std": 0.008219764237527459,
            "f1_mean": 0.9586386924342509,
            "f1_std": 0.008650681859949431,
            "acc_folds": [
                0.9530201342281879,
                0.959731543624161,
                0.9630872483221476,
                0.9496644295302014,
                0.9731543624161074
            ],
            "train_time": 0.005407479987479746,
            "infer_ms": 0.0034509397005574815
        },
        "RBF SVM": {
            "acc_mean": 0.9657718120805369,
            "acc_std": 0.00577337266244472,
            "f1_mean": 0.964632375648152,
            "f1_std": 0.005837210432736321,
            "acc_folds": [
                0.9630872483221476,
                0.9630872483221476,
                0.959731543624161,
                0.9664429530201343,
                0.9765100671140939
            ],
            "train_time": 29.661207560007462,
            "infer_ms": 3.247868792066388
        },
        "Linear SVM": {
            "acc_mean": 0.9724832214765101,
            "acc_std": 0.0025111794542107013,
            "f1_mean": 0.9716196698515729,
            "f1_std": 0.002633593025789144,
            "acc_folds": [
                0.9731543624161074,
                0.9731543624161074,
                0.9697986577181208,
                0.9697986577181208,
                0.9765100671140939
            ],
            "train_time": 0.3589360799873248,
            "infer_ms": 0.026965503355850712
        },
        "Random Forest": {
            "acc_mean": 0.9510067114093959,
            "acc_std": 0.00939597315436241,
            "f1_mean": 0.9502147898042475,
            "f1_std": 0.009727272749697584,
            "acc_folds": [
                0.9395973154362416,
                0.9395973154362416,
                0.9563758389261745,
                0.959731543624161,
                0.959731543624161
            ],
            "train_time": 0.7915378799894824,
            "infer_ms": 0.26967892627975587
        },
        "AdaBoost": {
            "acc_mean": 0.8798657718120806,
            "acc_std": 0.02671107213709047,
            "f1_mean": 0.8784752963270618,
            "f1_std": 0.02668406300212429,
            "acc_folds": [
                0.912751677852349,
                0.8926174496644296,
                0.8322147651006712,
                0.8859060402684564,
                0.8758389261744967
            ],
            "train_time": 11.152013219986111,
            "infer_ms": 0.34418899336229736
        },
        "XGBoost": {
            "acc_mean": 0.9476510067114094,
            "acc_std": 0.014331648660444733,
            "f1_mean": 0.9461498409301454,
            "f1_std": 0.014242440598015106,
            "acc_folds": [
                0.9530201342281879,
                0.9328859060402684,
                0.9395973154362416,
                0.9395973154362416,
                0.9731543624161074
            ],
            "train_time": 35.09951601999346,
            "infer_ms": 0.03875986580743186
        },
        "Ensemble (Full)": {
            "acc_mean": 0.9697986577181208,
            "acc_std": 0.0060028670536907145,
            "f1_mean": 0.9686623920561018,
            "f1_std": 0.006072725178276834,
            "acc_folds": [
                0.9664429530201343,
                0.9664429530201343,
                0.9630872483221476,
                0.9731543624161074,
                0.9798657718120806
            ],
            "train_time": 159.2598371400032,
            "infer_ms": 3.203848657673287
        },
        "Abl: LR+NB": {
            "acc_mean": 0.961744966442953,
            "acc_std": 0.008109426827915824,
            "f1_mean": 0.9605228410262849,
            "f1_std": 0.008511667351621652,
            "acc_folds": [
                0.9563758389261745,
                0.959731543624161,
                0.9630872483221476,
                0.9530201342281879,
                0.9765100671140939
            ],
            "train_time": 0.24161404001060874,
            "infer_ms": 0.009841610671289816
        },
        "Abl: LR+SVM": {
            "acc_mean": 0.9677852348993289,
            "acc_std": 0.005022358908421388,
            "f1_mean": 0.966528947149542,
            "f1_std": 0.00516794529254397,
            "acc_folds": [
                0.9630872483221476,
                0.9664429530201343,
                0.9630872483221476,
                0.9697986577181208,
                0.9765100671140939
            ],
            "train_time": 27.818762520025484,
            "infer_ms": 3.0739877181558954
        },
        "Abl: NB+SVM": {
            "acc_mean": 0.9697986577181208,
            "acc_std": 0.0060028670536907145,
            "f1_mean": 0.9686623920561018,
            "f1_std": 0.006072725178276834,
            "acc_folds": [
                0.9664429530201343,
                0.9664429530201343,
                0.9630872483221476,
                0.9731543624161074,
                0.9798657718120806
            ],
            "train_time": 28.295213040034287,
            "infer_ms": 3.1029097314755236
        }
    },
    "20 Newsgroups (4-class)": {
        "LR": {
            "acc_mean": 0.8076638949485793,
            "acc_std": 0.006203181557738987,
            "f1_mean": 0.8008130393562636,
            "f1_std": 0.0062449016290586825,
            "acc_folds": [
                0.8045212765957447,
                0.8031914893617021,
                0.800531914893617,
                0.8138297872340425,
                0.8162450066577897
            ],
            "train_time": 0.4919741000048816,
            "infer_ms": 0.0016776914927809192
        },
        "Naive Bayes": {
            "acc_mean": 0.7805245488285124,
            "acc_std": 0.005142472526762517,
            "f1_mean": 0.7642107515287686,
            "f1_std": 0.004267917453245129,
            "acc_folds": [
                0.7872340425531915,
                0.7792553191489362,
                0.7845744680851063,
                0.7792553191489362,
                0.7723035952063915
            ],
            "train_time": 0.005339060002006591,
            "infer_ms": 0.0012786148636205479
        },
        "RBF SVM": {
            "acc_mean": 0.8140482902229651,
            "acc_std": 0.004319483655508437,
            "f1_mean": 0.808531393947273,
            "f1_std": 0.005074579301617663,
            "acc_folds": [
                0.8085106382978723,
                0.8151595744680851,
                0.8125,
                0.8125,
                0.8215712383488681
            ],
            "train_time": 61.07833845999558,
            "infer_ms": 2.7430375647366825
        },
        "Linear SVM": {
            "acc_mean": 0.8159092840751339,
            "acc_std": 0.004220141935106341,
            "f1_mean": 0.8100561460019957,
            "f1_std": 0.004898270132973171,
            "acc_folds": [
                0.8111702127659575,
                0.8218085106382979,
                0.8111702127659575,
                0.8164893617021277,
                0.8189081225033289
            ],
            "train_time": 0.4352634800132364,
            "infer_ms": 0.013702395917163924
        },
        "Random Forest": {
            "acc_mean": 0.7403561209167918,
            "acc_std": 0.01268915376018643,
            "f1_mean": 0.7260387849781453,